{"cameraMode":{"drawMode":0,"name":"Shaded","section":"Shading Mode"},"sceneLighting":false,"audioPlay":false,"sceneViewState":{"showFog":true,"showMaterialUpdate":false,"showSkybox":false,"showFlares":true,"showImageEffects":true,"showParticleSystems":true},"in2DMode":false,"pivot":{"x":963.7915649414063,"y":337.8465576171875,"z":-19.838764190673829},"rotation":{"x":0.042615413665771487,"y":0.8017006516456604,"z":0.0575728602707386,"w":-0.5934183597564697},"size":4.041658401489258,"orthographic":false}