{"cameraMode":{"drawMode":0,"name":"Shaded","section":"Shading Mode"},"sceneLighting":true,"audioPlay":false,"sceneViewState":{"showFog":true,"showMaterialUpdate":false,"showSkybox":true,"showFlares":true,"showImageEffects":true,"showParticleSystems":true},"in2DMode":false,"pivot":{"x":4.468417167663574,"y":-3.3333964347839357,"z":1.5021508932113648},"rotation":{"x":-0.09147629141807556,"y":0.728234589099884,"z":-0.09914334863424301,"w":-0.6719205379486084},"size":5.472431182861328,"orthographic":false}