{"cameraMode":{"drawMode":0,"name":"Shaded","section":"Shading Mode"},"sceneLighting":false,"audioPlay":false,"sceneViewState":{"showFog":true,"showMaterialUpdate":false,"showSkybox":false,"showFlares":true,"showImageEffects":true,"showParticleSystems":true},"in2DMode":false,"pivot":{"x":-0.2499992847442627,"y":1.5000001192092896,"z":0.0},"rotation":{"x":-0.48426178097724917,"y":-0.02834049053490162,"z":0.015697021037340165,"w":-0.8743231296539307},"size":25.944910049438478,"orthographic":false}