{"cameraMode":{"drawMode":0,"name":"Shaded","section":"Shading Mode"},"sceneLighting":true,"audioPlay":false,"sceneViewState":{"showFog":true,"showMaterialUpdate":false,"showSkybox":true,"showFlares":true,"showImageEffects":true,"showParticleSystems":true},"in2DMode":false,"pivot":{"x":-8.972293853759766,"y":10.316347122192383,"z":-8.573066711425782},"rotation":{"x":-0.48426178097724917,"y":-0.02834049053490162,"z":0.015697021037340165,"w":-0.8743231296539307},"size":22.0,"orthographic":false}