{"cameraMode":{"drawMode":0,"name":"Shaded","section":"Shading Mode"},"sceneLighting":true,"audioPlay":false,"sceneViewState":{"showFog":true,"showMaterialUpdate":false,"showSkybox":true,"showFlares":true,"showImageEffects":true,"showParticleSystems":true},"in2DMode":false,"pivot":{"x":4.241493225097656,"y":0.5494511723518372,"z":1.346215009689331},"rotation":{"x":-0.29255175590515139,"y":0.10643118619918823,"z":-0.03278421610593796,"w":-0.9497426748275757},"size":2.8578836917877199,"orthographic":false}