{"cameraMode":{"drawMode":0,"name":"Shaded","section":"Shading Mode"},"sceneLighting":false,"audioPlay":false,"sceneViewState":{"showFog":true,"showMaterialUpdate":false,"showSkybox":false,"showFlares":true,"showImageEffects":true,"showParticleSystems":true},"in2DMode":false,"pivot":{"x":-0.003123462200164795,"y":0.49500006437301638,"z":0.0},"rotation":{"x":0.0032109643798321487,"y":0.9814269542694092,"z":-0.1910995990037918,"w":0.016490407288074495},"size":2.8424322605133058,"orthographic":false}