{"cameraMode":{"drawMode":0,"name":"Shaded","section":"Shading Mode"},"sceneLighting":false,"audioPlay":false,"sceneViewState":{"showFog":true,"showMaterialUpdate":false,"showSkybox":false,"showFlares":true,"showImageEffects":true,"showParticleSystems":true},"in2DMode":false,"pivot":{"x":-0.1790653020143509,"y":-0.47292208671569826,"z":-0.26075178384780886},"rotation":{"x":-0.018057741224765779,"y":0.9463478326797485,"z":-0.31814244389533999,"w":-0.05371461063623428},"size":2.9146649837493898,"orthographic":false}