{"cameraMode":{"drawMode":0,"name":"Shaded","section":"Shading Mode"},"sceneLighting":false,"audioPlay":false,"sceneViewState":{"showFog":true,"showMaterialUpdate":false,"showSkybox":false,"showFlares":true,"showImageEffects":true,"showParticleSystems":true},"in2DMode":false,"pivot":{"x":-0.0012863734737038613,"y":0.5762858390808106,"z":0.02782706916332245},"rotation":{"x":-0.09314931184053421,"y":0.02299441024661064,"z":-0.002152009168639779,"w":-0.9953842759132385},"size":1.449467420578003,"orthographic":false}