{"cameraMode":{"drawMode":0,"name":"Shaded","section":"Shading Mode"},"sceneLighting":false,"audioPlay":false,"sceneViewState":{"showFog":true,"showMaterialUpdate":false,"showSkybox":false,"showFlares":true,"showImageEffects":true,"showParticleSystems":true},"in2DMode":false,"pivot":{"x":0.05003988742828369,"y":-0.1068529486656189,"z":-0.34474611282348635},"rotation":{"x":-0.24367070198059083,"y":0.1839933693408966,"z":-0.04714011400938034,"w":-0.9510778188705444},"size":2.1843037605285646,"orthographic":false}