{"cameraMode":{"drawMode":0,"name":"Shaded","section":"Shading Mode"},"sceneLighting":false,"audioPlay":false,"sceneViewState":{"showFog":true,"showMaterialUpdate":false,"showSkybox":false,"showFlares":true,"showImageEffects":true,"showParticleSystems":true},"in2DMode":false,"pivot":{"x":0.2394113540649414,"y":-0.5621110200881958,"z":-0.6672483682632446},"rotation":{"x":-0.26351112127304079,"y":-0.4090856909751892,"z":0.124669149518013,"w":-0.8646782636642456},"size":2.401397705078125,"orthographic":false}