{"cameraMode":{"drawMode":0,"name":"Shaded","section":"Shading Mode"},"sceneLighting":false,"audioPlay":false,"sceneViewState":{"showFog":true,"showMaterialUpdate":false,"showSkybox":false,"showFlares":true,"showImageEffects":true,"showParticleSystems":true},"in2DMode":false,"pivot":{"x":0.36362865567207339,"y":1.330580711364746,"z":-1.1370818614959717},"rotation":{"x":0.031176328659057618,"y":0.02308308519423008,"z":0.0007199376123026013,"w":-0.9992470741271973},"size":2.654836654663086,"orthographic":false}