{"cameraMode":{"drawMode":0,"name":"Shaded","section":"Shading Mode"},"sceneLighting":false,"audioPlay":false,"sceneViewState":{"showFog":true,"showMaterialUpdate":false,"showSkybox":false,"showFlares":true,"showImageEffects":true,"showParticleSystems":true},"in2DMode":false,"pivot":{"x":-4.6110944747924809,"y":-0.3547811508178711,"z":-2.6100854873657228},"rotation":{"x":-0.22322018444538117,"y":-0.42345115542411806,"z":0.10849004983901978,"w":-0.8712587952613831},"size":8.139287948608399,"orthographic":false}