{"cameraMode":{"drawMode":0,"name":"Shaded","section":"Shading Mode"},"sceneLighting":false,"audioPlay":false,"sceneViewState":{"showFog":true,"showMaterialUpdate":false,"showSkybox":false,"showFlares":true,"showImageEffects":true,"showParticleSystems":true},"in2DMode":false,"pivot":{"x":-0.7617239952087402,"y":-0.7558226585388184,"z":-0.6853920221328735},"rotation":{"x":-0.3961135447025299,"y":-0.33823922276496889,"z":0.15977796912193299,"w":-0.8385459184646606},"size":2.8578836917877199,"orthographic":false}