{"cameraMode":{"drawMode":0,"name":"Shaded","section":"Shading Mode"},"sceneLighting":false,"audioPlay":false,"sceneViewState":{"showFog":true,"showMaterialUpdate":false,"showSkybox":false,"showFlares":true,"showImageEffects":true,"showParticleSystems":true},"in2DMode":false,"pivot":{"x":0.11891615390777588,"y":-0.10362685471773148,"z":0.16497690975666047},"rotation":{"x":0.02671130560338497,"y":0.9449800252914429,"z":-0.3161061704158783,"w":0.07985170930624008},"size":1.6578848361968995,"orthographic":false}