{"cameraMode":{"drawMode":0,"name":"Shaded","section":"Shading Mode"},"sceneLighting":false,"audioPlay":false,"sceneViewState":{"showFog":true,"showMaterialUpdate":false,"showSkybox":false,"showFlares":true,"showImageEffects":true,"showParticleSystems":true},"in2DMode":false,"pivot":{"x":0.17338953912258149,"y":0.20873801410198213,"z":1.1272902488708497},"rotation":{"x":-0.4117053747177124,"y":-0.36581486463546755,"z":0.1850440800189972,"w":-0.8139023184776306},"size":3.4625117778778078,"orthographic":false}