{"cameraMode":{"drawMode":0,"name":"Shaded","section":"Shading Mode"},"sceneLighting":true,"audioPlay":false,"sceneViewState":{"showFog":true,"showMaterialUpdate":false,"showSkybox":true,"showFlares":true,"showImageEffects":true,"showParticleSystems":true},"in2DMode":false,"pivot":{"x":-2.885896682739258,"y":-2.817518949508667,"z":-0.1073872447013855},"rotation":{"x":-0.1361030638217926,"y":-0.6394259333610535,"z":0.11280504614114762,"w":-0.7482549548149109},"size":9.585854530334473,"orthographic":false}