{"cameraMode":{"drawMode":0,"name":"Shaded","section":"Shading Mode"},"sceneLighting":false,"audioPlay":false,"sceneViewState":{"showFog":true,"showMaterialUpdate":false,"showSkybox":false,"showFlares":true,"showImageEffects":true,"showParticleSystems":true},"in2DMode":false,"pivot":{"x":0.1469438076019287,"y":-1.138248324394226,"z":0.5520943403244019},"rotation":{"x":-0.4001917541027069,"y":-0.32286179065704348,"z":0.15310677886009217,"w":-0.8438987731933594},"size":3.5436978340148927,"orthographic":false}