{"cameraMode":{"drawMode":0,"name":"Shaded","section":"Shading Mode"},"sceneLighting":false,"audioPlay":false,"sceneViewState":{"showFog":true,"showMaterialUpdate":false,"showSkybox":false,"showFlares":true,"showImageEffects":true,"showParticleSystems":true},"in2DMode":false,"pivot":{"x":-1.2997462749481202,"y":0.8798795938491821,"z":-1.2316648960113526},"rotation":{"x":0.3465527296066284,"y":0.3537384271621704,"z":-0.14305852353572846,"w":0.8569157719612122},"size":0.9847506880760193,"orthographic":false}