{"cameraMode":{"drawMode":0,"name":"Shaded","section":"Shading Mode"},"sceneLighting":true,"audioPlay":false,"sceneViewState":{"showFog":true,"showMaterialUpdate":false,"showSkybox":true,"showFlares":true,"showImageEffects":true,"showParticleSystems":true},"in2DMode":false,"pivot":{"x":39.825103759765628,"y":-63.98635482788086,"z":37.824913024902347},"rotation":{"x":-0.3539207875728607,"y":-0.27659115195274355,"z":0.11041305214166641,"w":-0.8865925669670105},"size":53.57425308227539,"orthographic":false}