{"cameraMode":{"drawMode":0,"name":"Shaded","section":"Shading Mode"},"sceneLighting":false,"audioPlay":false,"sceneViewState":{"showFog":true,"showMaterialUpdate":false,"showSkybox":false,"showFlares":true,"showImageEffects":true,"showParticleSystems":true},"in2DMode":false,"pivot":{"x":-4.0014142990112309,"y":1.6551132202148438,"z":-2.352966785430908},"rotation":{"x":0.3442120850086212,"y":0.3199004530906677,"z":-0.12603582441806794,"w":0.8736686110496521},"size":8.239530563354493,"orthographic":false}