{"cameraMode":{"drawMode":0,"name":"Shaded","section":"Shading Mode"},"sceneLighting":false,"audioPlay":false,"sceneViewState":{"showFog":true,"showMaterialUpdate":false,"showSkybox":false,"showFlares":true,"showImageEffects":true,"showParticleSystems":true},"in2DMode":false,"pivot":{"x":555.2100219726563,"y":397.8399963378906,"z":15.25},"rotation":{"x":0.14140044152736665,"y":0.32543882727622988,"z":-0.04928833618760109,"w":0.933630645275116},"size":2.8578836917877199,"orthographic":false}