{"cameraMode":{"drawMode":0,"name":"Shaded","section":"Shading Mode"},"sceneLighting":true,"audioPlay":false,"sceneViewState":{"showFog":true,"showMaterialUpdate":false,"showSkybox":true,"showFlares":true,"showImageEffects":true,"showParticleSystems":true},"in2DMode":false,"pivot":{"x":5.637831687927246,"y":-1.7918829917907715,"z":7.363674640655518},"rotation":{"x":0.14140044152736665,"y":0.32543882727622988,"z":-0.04928833618760109,"w":0.933630645275116},"size":17.58000946044922,"orthographic":false}