{"cameraMode":{"drawMode":0,"name":"Shaded","section":"Shading Mode"},"sceneLighting":false,"audioPlay":false,"sceneViewState":{"showFog":true,"showMaterialUpdate":false,"showSkybox":false,"showFlares":true,"showImageEffects":true,"showParticleSystems":true},"in2DMode":false,"pivot":{"x":3.499851703643799,"y":-6.194250106811523,"z":5.846182346343994},"rotation":{"x":0.34542447328567507,"y":0.3745138645172119,"z":-0.15276925265789033,"w":0.8468074798583984},"size":2.8578836917877199,"orthographic":false}