{"cameraMode":{"drawMode":0,"name":"Shaded","section":"Shading Mode"},"sceneLighting":false,"audioPlay":false,"sceneViewState":{"showFog":true,"showMaterialUpdate":false,"showSkybox":false,"showFlares":true,"showImageEffects":true,"showParticleSystems":true},"in2DMode":false,"pivot":{"x":-0.188759446144104,"y":1.6874916553497315,"z":-0.31708335876464846},"rotation":{"x":0.3900637924671173,"y":0.3202197849750519,"z":-0.14682087302207948,"w":0.8507368564605713},"size":2.8578836917877199,"orthographic":false}