{"cameraMode":{"drawMode":0,"name":"Shaded","section":"Shading Mode"},"sceneLighting":false,"audioPlay":false,"sceneViewState":{"showFog":true,"showMaterialUpdate":false,"showSkybox":false,"showFlares":true,"showImageEffects":true,"showParticleSystems":true},"in2DMode":false,"pivot":{"x":0.7980717420578003,"y":0.06992071866989136,"z":0.5763543248176575},"rotation":{"x":0.14380638301372529,"y":0.37828880548477175,"z":-0.0596165806055069,"w":0.9125038385391235},"size":1.892674446105957,"orthographic":false}